{
  "subject_id": "36",
  "created_at": "2026-05-22T20:13:14.685353",
  "prediction": {
    "file": "36",
    "T_in": 67,
    "J": 18,
    "p_typical": 0.9988492727279663,
    "p_asd": 0.0011506802402436733,
    "logit_typical": 3.143949031829834,
    "logit_asd": -3.6223018169403076,
    "pred_argmax": 0,
    "label_threshold": 0,
    "threshold": 0.5,
    "temperature": 1.0,
    "label_name": "Typical"
  }
}