{
  "subject_id": "20342cb7-4cb1-441e-a080-dd8ba4a671ba",
  "created_at": "2026-05-22T21:00:58.472603",
  "prediction": {
    "file": "20342cb7-4cb1-441e-a080-dd8ba4a671ba",
    "T_in": 88,
    "J": 18,
    "p_typical": 0.9636856317520142,
    "p_asd": 0.036314334720373154,
    "logit_typical": 1.4514206647872925,
    "logit_asd": -1.827131986618042,
    "pred_argmax": 0,
    "label_threshold": 0,
    "threshold": 0.5,
    "temperature": 1.0,
    "label_name": "Typical"
  }
}